"","afternoon","evening","morning","night","noon","sunrise","sunset"
"0",0,0,0.0549649709929313,0,0,0,0
"1",0.0201742510889601,0.0195702585845135,0.0207748062953107,0.022080920281276,0.0223495078133837,0.029787773436725,0.0238569059933235
"2",0.0217906816820204,0.0211382952145038,0.02243935544326,0.0238501197875275,0.0241402274792634,0,0.0257684036015037
"3",0.0266880256341812,0.0258890186539249,0.0274824854964656,0,0,0,0.0315597201548902
"4",0.0217906816820204,0.0211382952145038,0.02243935544326,0.0238501197875275,0.0241402274792634,0,0.0257684036015037
"5",0.0217906816820204,0.0211382952145038,0.02243935544326,0.0238501197875275,0.0241402274792634,0,0.0257684036015037
"6",0.0217906816820204,0.0211382952145038,0.02243935544326,0,0.0241402274792634,0.0321744726043893,0.0257684036015037
"7",0.0201742510889601,0.0195702585845135,0.0207748062953107,0.022080920281276,0.0223495078133837,0.029787773436725,0.0238569059933235
"8",0.0217906816820204,0.0211382952145038,0.02243935544326,0.0238501197875275,0.0241402274792634,0,0.0257684036015037
"9",0.0217906816820204,0.0211382952145038,0.02243935544326,0,0.0241402274792634,0.0321744726043893,0.0257684036015037
"10",0.0201742510889601,0.0195702585845135,0.0207748062953107,0.022080920281276,0.0223495078133837,0.029787773436725,0.0238569059933235
"11",0.0238704958013144,0.0231558422323745,0,0,0.0264442942673973,0.0352453688425121,0.0282278718468818
"12",0.0201742510889601,0.0195702585845135,0.0207748062953107,0.022080920281276,0.0223495078133837,0.029787773436725,0.0238569059933235
"13",0.0201742510889601,0.0195702585845135,0.0207748062953107,0.022080920281276,0.0223495078133837,0.029787773436725,0.0238569059933235
"14",0.0201742510889601,0.0195702585845135,0.0207748062953107,0.022080920281276,0.0223495078133837,0.029787773436725,0.0238569059933235
"15",0.0201742510889601,0.0195702585845135,0.0207748062953107,0.022080920281276,0.0223495078133837,0.029787773436725,0.0238569059933235
"16",0.0217906816820204,0.0211382952145038,0.02243935544326,0.0238501197875275,0.0241402274792634,0,0.0257684036015037
"17",0.0217906816820204,0.0211382952145038,0.02243935544326,0.0238501197875275,0.0241402274792634,0.0321744726043893,0
"18",0.0217906816820204,0.0211382952145038,0.02243935544326,0.0238501197875275,0.0241402274792634,0.0321744726043893,0
"19",0,0,0,0,0,0,0
"20",0.0238704958013144,0.0231558422323745,0,0.0261264972136582,0.0264442942673973,0,0.0282278718468818
"21",0.0308166775680683,0,0.0317340407987688,0,0.0341394370999459,0,0
"22",0.0201742510889601,0.0195702585845135,0.0207748062953107,0.022080920281276,0.0223495078133837,0.029787773436725,0.0238569059933235
"23",0.0201742510889601,0.0195702585845135,0.0207748062953107,0.022080920281276,0.0223495078133837,0.029787773436725,0.0238569059933235
"24",0.0217906816820204,0.0211382952145038,0.02243935544326,0.0238501197875275,0.0241402274792634,0,0.0257684036015037
"25",0.0201742510889601,0.0195702585845135,0.0207748062953107,0.022080920281276,0.0223495078133837,0.029787773436725,0.0238569059933235
"26",0.0201742510889601,0.0195702585845135,0.0207748062953107,0.022080920281276,0.0223495078133837,0.029787773436725,0.0238569059933235
"27",0,0.0231558422323745,0.0245810823042997,0.0261264972136582,0.0264442942673973,0,0.0282278718468818
"28",0.0201742510889601,0.0195702585845135,0.0207748062953107,0.022080920281276,0.0223495078133837,0.029787773436725,0.0238569059933235
"29",0.0266880256341812,0.0258890186539249,0.0274824854964656,0,0.0295656197994541,0,0
"30",0.0238704958013144,0.0231558422323745,0.0245810823042997,0.0261264972136582,0,0.0352453688425121,0
"31",0.0201742510889601,0.0195702585845135,0.0207748062953107,0.022080920281276,0.0223495078133837,0.029787773436725,0.0238569059933235
"32",0.0201742510889601,0.0195702585845135,0.0207748062953107,0.022080920281276,0.0223495078133837,0.029787773436725,0.0238569059933235
"33",0.0201742510889601,0.0195702585845135,0.0207748062953107,0.022080920281276,0.0223495078133837,0.029787773436725,0.0238569059933235
"34",0.0217906816820204,0.0211382952145038,0.02243935544326,0.0238501197875275,0,0.0321744726043893,0.0257684036015037
"35",0,0.0258890186539249,0.0274824854964656,0.0292103118918493,0,0,0.0315597201548902
"36",0,0.0366126012969106,0,0,0.0418121005003545,0,0
"37",0.0238704958013144,0.0231558422323745,0,0.0261264972136582,0.0264442942673973,0,0.0282278718468818
"38",0.0201742510889601,0.0195702585845135,0.0207748062953107,0.022080920281276,0.0223495078133837,0.029787773436725,0.0238569059933235
"39",0.0201742510889601,0.0195702585845135,0.0207748062953107,0.022080920281276,0.0223495078133837,0.029787773436725,0.0238569059933235
"40",0.0238704958013144,0.0231558422323745,0.0245810823042997,0,0.0264442942673973,0,0.0282278718468818
"41",0.0217906816820204,0.0211382952145038,0.02243935544326,0.0238501197875275,0.0241402274792634,0,0.0257684036015037
"42",0.0201742510889601,0.0195702585845135,0.0207748062953107,0.022080920281276,0.0223495078133837,0.029787773436725,0.0238569059933235
"43",0.0201742510889601,0.0195702585845135,0.0207748062953107,0.022080920281276,0.0223495078133837,0.029787773436725,0.0238569059933235
"44",0.0201742510889601,0.0195702585845135,0.0207748062953107,0.022080920281276,0.0223495078133837,0.029787773436725,0.0238569059933235
"45",0.0217906816820204,0.0211382952145038,0.02243935544326,0.0238501197875275,0.0241402274792634,0,0.0257684036015037
"46",0.0266880256341812,0.0258890186539249,0.0274824854964656,0,0.0295656197994541,0,0
"47",0.0217906816820204,0.0211382952145038,0.02243935544326,0.0238501197875275,0.0241402274792634,0,0.0257684036015037
"48",0.0201742510889601,0.0195702585845135,0.0207748062953107,0.022080920281276,0.0223495078133837,0.029787773436725,0.0238569059933235
"49",0.0201742510889601,0.0195702585845135,0.0207748062953107,0.022080920281276,0.0223495078133837,0.029787773436725,0.0238569059933235
"50",0.0201742510889601,0.0195702585845135,0.0207748062953107,0.022080920281276,0.0223495078133837,0.029787773436725,0.0238569059933235
"51",0.0201742510889601,0.0195702585845135,0.0207748062953107,0.022080920281276,0.0223495078133837,0.029787773436725,0.0238569059933235
"52",0.0201742510889601,0.0195702585845135,0.0207748062953107,0.022080920281276,0.0223495078133837,0.029787773436725,0.0238569059933235
"53",0.0266880256341812,0.0258890186539249,0,0,0.0295656197994541,0,0.0315597201548902
"54",0.0201742510889601,0.0195702585845135,0.0207748062953107,0.022080920281276,0.0223495078133837,0.029787773436725,0.0238569059933235
"55",0.0201742510889601,0.0195702585845135,0.0207748062953107,0.022080920281276,0.0223495078133837,0.029787773436725,0.0238569059933235
"56",0.0201742510889601,0.0195702585845135,0.0207748062953107,0.022080920281276,0.0223495078133837,0.029787773436725,0.0238569059933235
"57",0.0201742510889601,0.0195702585845135,0.0207748062953107,0.022080920281276,0.0223495078133837,0.029787773436725,0.0238569059933235
"58",0,0,0,0,0,0,0
"59",0.0217906816820204,0.0211382952145038,0.02243935544326,0.0238501197875275,0.0241402274792634,0.0321744726043893,0
"60",0.0201742510889601,0.0195702585845135,0.0207748062953107,0.022080920281276,0.0223495078133837,0.029787773436725,0.0238569059933235
"61",0.0217906816820204,0.0211382952145038,0.02243935544326,0.0238501197875275,0.0241402274792634,0.0321744726043893,0
"62",0.0217906816820204,0.0211382952145038,0.02243935544326,0.0238501197875275,0.0241402274792634,0,0.0257684036015037
"63",0,0.0258890186539249,0,0.0292103118918493,0.0295656197994541,0,0.0315597201548902
"64",0.0201742510889601,0.0195702585845135,0.0207748062953107,0.022080920281276,0.0223495078133837,0.029787773436725,0.0238569059933235
"65",0.0201742510889601,0.0195702585845135,0.0207748062953107,0.022080920281276,0.0223495078133837,0.029787773436725,0.0238569059933235
"66",0.0217906816820204,0.0211382952145038,0.02243935544326,0.0238501197875275,0,0.0321744726043893,0.0257684036015037
"67",0.0238704958013144,0.0231558422323745,0.0245810823042997,0.0261264972136582,0.0264442942673973,0,0
"68",0.0201742510889601,0.0195702585845135,0.0207748062953107,0.022080920281276,0.0223495078133837,0.029787773436725,0.0238569059933235
"69",0.0238704958013144,0.0231558422323745,0.0245810823042997,0,0.0264442942673973,0,0.0282278718468818
"70",0.0308166775680683,0.0298940637777976,0,0.0337291628677442,0,0,0
"71",0.0201742510889601,0.0195702585845135,0.0207748062953107,0.022080920281276,0.0223495078133837,0.029787773436725,0.0238569059933235
"72",0.0217906816820204,0.0211382952145038,0.02243935544326,0.0238501197875275,0.0241402274792634,0,0.0257684036015037
"73",0.0238704958013144,0.0231558422323745,0.0245810823042997,0.0261264972136582,0.0264442942673973,0,0
"74",0.0201742510889601,0.0195702585845135,0.0207748062953107,0.022080920281276,0.0223495078133837,0.029787773436725,0.0238569059933235
"75",0.0217906816820204,0.0211382952145038,0.02243935544326,0,0.0241402274792634,0.0321744726043893,0.0257684036015037
"76",0.0201742510889601,0.0195702585845135,0.0207748062953107,0.022080920281276,0.0223495078133837,0.029787773436725,0.0238569059933235
"77",0.0217906816820204,0.0211382952145038,0.02243935544326,0.0238501197875275,0.0241402274792634,0.0321744726043893,0
"78",0.0201742510889601,0.0195702585845135,0.0207748062953107,0.022080920281276,0.0223495078133837,0.029787773436725,0.0238569059933235
"79",0.0238704958013144,0.0231558422323745,0.0245810823042997,0.0261264972136582,0,0,0.0282278718468818
"80",0.0201742510889601,0.0195702585845135,0.0207748062953107,0.022080920281276,0.0223495078133837,0.029787773436725,0.0238569059933235
"81",0.0217906816820204,0.0211382952145038,0.02243935544326,0,0.0241402274792634,0.0321744726043893,0.0257684036015037
"82",0.0308166775680683,0.0298940637777976,0,0.0337291628677442,0,0,0
"83",0.0377425678048199,0,0,0,0.0418121005003545,0,0
"84",0,0,0,0.0413096192386014,0,0,0.0446321842677452
"85",0.0201742510889601,0.0195702585845135,0.0207748062953107,0.022080920281276,0.0223495078133837,0.029787773436725,0.0238569059933235
"86",0.0201742510889601,0.0195702585845135,0.0207748062953107,0.022080920281276,0.0223495078133837,0.029787773436725,0.0238569059933235
"87",0.0201742510889601,0.0195702585845135,0.0207748062953107,0.022080920281276,0.0223495078133837,0.029787773436725,0.0238569059933235
"88",0.0238704958013144,0.0231558422323745,0.0245810823042997,0,0.0264442942673973,0,0.0282278718468818
"89",0.0201742510889601,0.0195702585845135,0.0207748062953107,0.022080920281276,0.0223495078133837,0.029787773436725,0.0238569059933235
"90",0.0217906816820204,0.0211382952145038,0.02243935544326,0.0238501197875275,0.0241402274792634,0,0.0257684036015037
"91",0.0217906816820204,0.0211382952145038,0.02243935544326,0.0238501197875275,0.0241402274792634,0,0.0257684036015037
"92",0.0201742510889601,0.0195702585845135,0.0207748062953107,0.022080920281276,0.0223495078133837,0.029787773436725,0.0238569059933235
"93",0.0238704958013144,0.0231558422323745,0.0245810823042997,0.0261264972136582,0.0264442942673973,0,0
"94",0,0,0,0,0,0,0
"95",0.0266880256341812,0.0258890186539249,0.0274824854964656,0,0.0295656197994541,0,0
"96",0.0217906816820204,0.0211382952145038,0.02243935544326,0.0238501197875275,0.0241402274792634,0,0.0257684036015037
"97",0.0201742510889601,0.0195702585845135,0.0207748062953107,0.022080920281276,0.0223495078133837,0.029787773436725,0.0238569059933235
"98",0.0217906816820204,0.0211382952145038,0.02243935544326,0.0238501197875275,0.0241402274792634,0,0.0257684036015037
"99",0.0201742510889601,0.0195702585845135,0.0207748062953107,0.022080920281276,0.0223495078133837,0.029787773436725,0.0238569059933235
"100",0.0308166775680683,0.0298940637777976,0.0317340407987688,0,0,0,0
"101",0.0238704958013144,0.0231558422323745,0.0245810823042997,0,0.0264442942673973,0,0.0282278718468818
"102",0.0217906816820204,0.0211382952145038,0.02243935544326,0.0238501197875275,0.0241402274792634,0.0321744726043893,0
"103",0,0,0,0,0,0,0
"104",0.0533760512683624,0,0,0,0,0,0
"105",0.0238704958013144,0.0231558422323745,0.0245810823042997,0.0261264972136582,0,0.0352453688425121,0
"106",0.0201742510889601,0.0195702585845135,0.0207748062953107,0.022080920281276,0.0223495078133837,0.029787773436725,0.0238569059933235
"107",0,0.0258890186539249,0,0.0292103118918493,0.0295656197994541,0,0.0315597201548902
"108",0.0217906816820204,0.0211382952145038,0.02243935544326,0.0238501197875275,0.0241402274792634,0,0.0257684036015037
"109",0,0.0258890186539249,0.0274824854964656,0.0292103118918493,0,0,0.0315597201548902
"110",0.0217906816820204,0.0211382952145038,0.02243935544326,0.0238501197875275,0.0241402274792634,0,0.0257684036015037
"111",0,0,0,0.0584206237836986,0,0,0
"112",0,0.0517780373078498,0,0,0,0,0
"113",0.0201742510889601,0.0195702585845135,0.0207748062953107,0.022080920281276,0.0223495078133837,0.029787773436725,0.0238569059933235
"114",0.0238704958013144,0.0231558422323745,0.0245810823042997,0,0.0264442942673973,0.0352453688425121,0
"115",0,0,0,0,0,0,0
"116",0.0217906816820204,0.0211382952145038,0.02243935544326,0.0238501197875275,0.0241402274792634,0,0.0257684036015037
"117",0.0217906816820204,0.0211382952145038,0.02243935544326,0.0238501197875275,0.0241402274792634,0,0.0257684036015037
"118",0,0,0.0388661037168236,0,0.0418121005003545,0,0
"119",0,0,0,0,0,0,0
"120",0.0201742510889601,0.0195702585845135,0.0207748062953107,0.022080920281276,0.0223495078133837,0.029787773436725,0.0238569059933235
"121",0.0377425678048199,0,0,0.0413096192386014,0,0,0
"122",0.0238704958013144,0.0231558422323745,0.0245810823042997,0,0.0264442942673973,0,0.0282278718468818
"123",0.0201742510889601,0.0195702585845135,0.0207748062953107,0.022080920281276,0.0223495078133837,0.029787773436725,0.0238569059933235
"124",0,0.0517780373078498,0,0,0,0,0
"125",0.0266880256341812,0.0258890186539249,0,0.0292103118918493,0.0295656197994541,0,0
"126",0.0217906816820204,0.0211382952145038,0.02243935544326,0.0238501197875275,0.0241402274792634,0,0.0257684036015037
"127",0.0201742510889601,0.0195702585845135,0.0207748062953107,0.022080920281276,0.0223495078133837,0.029787773436725,0.0238569059933235
"128",0.0201742510889601,0.0195702585845135,0.0207748062953107,0.022080920281276,0.0223495078133837,0.029787773436725,0.0238569059933235
"129",0.0266880256341812,0.0258890186539249,0,0,0.0295656197994541,0,0.0315597201548902
"130",0.0217906816820204,0.0211382952145038,0.02243935544326,0,0.0241402274792634,0.0321744726043893,0.0257684036015037
"131",0.0217906816820204,0.0211382952145038,0.02243935544326,0.0238501197875275,0.0241402274792634,0,0.0257684036015037
"132",0,0.0517780373078498,0,0,0,0,0
"133",0.0201742510889601,0.0195702585845135,0.0207748062953107,0.022080920281276,0.0223495078133837,0.029787773436725,0.0238569059933235
"134",0.0201742510889601,0.0195702585845135,0.0207748062953107,0.022080920281276,0.0223495078133837,0.029787773436725,0.0238569059933235
"135",0.0217906816820204,0.0211382952145038,0.02243935544326,0.0238501197875275,0.0241402274792634,0,0.0257684036015037
"136",0.0217906816820204,0.0211382952145038,0.02243935544326,0.0238501197875275,0.0241402274792634,0,0.0257684036015037
"137",0,0,0,0,0,0,0
"138",0.0201742510889601,0.0195702585845135,0.0207748062953107,0.022080920281276,0.0223495078133837,0.029787773436725,0.0238569059933235
"139",0,0.0366126012969106,0.0388661037168236,0,0,0,0
"140",0.0201742510889601,0.0195702585845135,0.0207748062953107,0.022080920281276,0.0223495078133837,0.029787773436725,0.0238569059933235
"141",0,0,0,0,0,0,0
"142",0.0217906816820204,0.0211382952145038,0.02243935544326,0.0238501197875275,0.0241402274792634,0.0321744726043893,0
"143",0.0201742510889601,0.0195702585845135,0.0207748062953107,0.022080920281276,0.0223495078133837,0.029787773436725,0.0238569059933235
"144",0.0238704958013144,0.0231558422323745,0.0245810823042997,0.0261264972136582,0.0264442942673973,0,0
"145",0.0266880256341812,0.0258890186539249,0.0274824854964656,0,0,0,0.0315597201548902
"146",0,0,0,0.0584206237836986,0,0,0
"147",0.0217906816820204,0.0211382952145038,0.02243935544326,0.0238501197875275,0.0241402274792634,0,0.0257684036015037
"148",0.0217906816820204,0.0211382952145038,0.02243935544326,0.0238501197875275,0.0241402274792634,0,0.0257684036015037
"149",0,0.0258890186539249,0.0274824854964656,0.0292103118918493,0,0,0.0315597201548902
"150",0.0217906816820204,0.0211382952145038,0,0.0238501197875275,0.0241402274792634,0.0321744726043893,0.0257684036015037
"151",0.0266880256341812,0.0258890186539249,0.0274824854964656,0.0292103118918493,0,0,0
"152",0.0238704958013144,0.0231558422323745,0.0245810823042997,0,0.0264442942673973,0,0.0282278718468818
"153",0.0201742510889601,0.0195702585845135,0.0207748062953107,0.022080920281276,0.0223495078133837,0.029787773436725,0.0238569059933235
"154",0.0217906816820204,0.0211382952145038,0.02243935544326,0.0238501197875275,0.0241402274792634,0,0.0257684036015037
"155",0.0238704958013144,0.0231558422323745,0.0245810823042997,0.0261264972136582,0.0264442942673973,0,0
"156",0,0,0,0,0,0,0
"157",0.0217906816820204,0.0211382952145038,0.02243935544326,0.0238501197875275,0.0241402274792634,0.0321744726043893,0
"158",0.0217906816820204,0.0211382952145038,0.02243935544326,0.0238501197875275,0.0241402274792634,0,0.0257684036015037
"159",0.0217906816820204,0.0211382952145038,0.02243935544326,0.0238501197875275,0.0241402274792634,0,0.0257684036015037
"160",0.0201742510889601,0.0195702585845135,0.0207748062953107,0.022080920281276,0.0223495078133837,0.029787773436725,0.0238569059933235
"161",0,0,0,0,0,0,0
"162",0,0,0,0,0.0418121005003545,0,0.0446321842677452
"163",0.0217906816820204,0.0211382952145038,0.02243935544326,0.0238501197875275,0.0241402274792634,0,0.0257684036015037
"164",0.0217906816820204,0.0211382952145038,0.02243935544326,0.0238501197875275,0.0241402274792634,0,0.0257684036015037
"165",0.0201742510889601,0.0195702585845135,0.0207748062953107,0.022080920281276,0.0223495078133837,0.029787773436725,0.0238569059933235
"166",0.0201742510889601,0.0195702585845135,0.0207748062953107,0.022080920281276,0.0223495078133837,0.029787773436725,0.0238569059933235
"167",0.0201742510889601,0.0195702585845135,0.0207748062953107,0.022080920281276,0.0223495078133837,0.029787773436725,0.0238569059933235
"168",0.0201742510889601,0.0195702585845135,0.0207748062953107,0.022080920281276,0.0223495078133837,0.029787773436725,0.0238569059933235
"169",0.0217906816820204,0.0211382952145038,0.02243935544326,0.0238501197875275,0.0241402274792634,0,0.0257684036015037
"170",0.0217906816820204,0.0211382952145038,0.02243935544326,0,0.0241402274792634,0.0321744726043893,0.0257684036015037
"171",0.0217906816820204,0.0211382952145038,0.02243935544326,0.0238501197875275,0.0241402274792634,0,0.0257684036015037
"172",0.0201742510889601,0.0195702585845135,0.0207748062953107,0.022080920281276,0.0223495078133837,0.029787773436725,0.0238569059933235
"173",0,0,0.0549649709929313,0,0,0,0
"174",0.0201742510889601,0.0195702585845135,0.0207748062953107,0.022080920281276,0.0223495078133837,0.029787773436725,0.0238569059933235
"175",0.0238704958013144,0.0231558422323745,0.0245810823042997,0.0261264972136582,0,0,0.0282278718468818
"176",0.0217906816820204,0.0211382952145038,0.02243935544326,0.0238501197875275,0.0241402274792634,0,0.0257684036015037
"177",0.0201742510889601,0.0195702585845135,0.0207748062953107,0.022080920281276,0.0223495078133837,0.029787773436725,0.0238569059933235
"178",0.0217906816820204,0.0211382952145038,0.02243935544326,0.0238501197875275,0.0241402274792634,0,0.0257684036015037
"179",0.0201742510889601,0.0195702585845135,0.0207748062953107,0.022080920281276,0.0223495078133837,0.029787773436725,0.0238569059933235
"180",0.0217906816820204,0.0211382952145038,0.02243935544326,0,0.0241402274792634,0.0321744726043893,0.0257684036015037
"181",0.0217906816820204,0.0211382952145038,0.02243935544326,0,0.0241402274792634,0.0321744726043893,0.0257684036015037
"182",0.0308166775680683,0.0298940637777976,0.0317340407987688,0,0,0,0
"183",0,0.0366126012969106,0,0.0413096192386014,0,0,0
"184",0.0201742510889601,0.0195702585845135,0.0207748062953107,0.022080920281276,0.0223495078133837,0.029787773436725,0.0238569059933235
"185",0.0201742510889601,0.0195702585845135,0.0207748062953107,0.022080920281276,0.0223495078133837,0.029787773436725,0.0238569059933235
"186",0.0201742510889601,0.0195702585845135,0.0207748062953107,0.022080920281276,0.0223495078133837,0.029787773436725,0.0238569059933235
"187",0.0201742510889601,0.0195702585845135,0.0207748062953107,0.022080920281276,0.0223495078133837,0.029787773436725,0.0238569059933235
"188",0.0217906816820204,0.0211382952145038,0.02243935544326,0,0.0241402274792634,0.0321744726043893,0.0257684036015037
"189",0.0201742510889601,0.0195702585845135,0.0207748062953107,0.022080920281276,0.0223495078133837,0.029787773436725,0.0238569059933235
"190",0.0238704958013144,0.0231558422323745,0,0.0261264972136582,0,0.0352453688425121,0.0282278718468818
"191",0.0238704958013144,0.0231558422323745,0.0245810823042997,0,0.0264442942673973,0,0.0282278718468818
"192",0.0238704958013144,0.0231558422323745,0.0245810823042997,0,0.0264442942673973,0,0.0282278718468818
"193",0.0238704958013144,0.0231558422323745,0,0.0261264972136582,0.0264442942673973,0,0.0282278718468818
"194",0.0217906816820204,0.0211382952145038,0.02243935544326,0.0238501197875275,0.0241402274792634,0.0321744726043893,0
"195",0.0201742510889601,0.0195702585845135,0.0207748062953107,0.022080920281276,0.0223495078133837,0.029787773436725,0.0238569059933235
"196",0.0238704958013144,0.0231558422323745,0.0245810823042997,0.0261264972136582,0,0,0.0282278718468818
"197",0.0217906816820204,0.0211382952145038,0.02243935544326,0.0238501197875275,0.0241402274792634,0,0.0257684036015037
"198",0.0308166775680683,0.0298940637777976,0,0,0,0,0.0364420258539502
"199",0.0238704958013144,0.0231558422323745,0.0245810823042997,0.0261264972136582,0,0,0.0282278718468818
"200",0.0217906816820204,0.0211382952145038,0.02243935544326,0.0238501197875275,0.0241402274792634,0,0.0257684036015037
"201",0.0217906816820204,0.0211382952145038,0.02243935544326,0.0238501197875275,0.0241402274792634,0.0321744726043893,0
"202",0,0,0,0,0,0,0
"203",0,0,0,0,0,0,0
"204",0,0.0517780373078498,0,0,0,0,0
"205",0.0533760512683624,0,0,0,0,0,0
"206",0.0217906816820204,0.0211382952145038,0.02243935544326,0,0.0241402274792634,0.0321744726043893,0.0257684036015037
"207",0,0,0,0,0,0,0
"208",0.0201742510889601,0.0195702585845135,0.0207748062953107,0.022080920281276,0.0223495078133837,0.029787773436725,0.0238569059933235
"209",0,0,0,0.0584206237836986,0,0,0
"210",0.0266880256341812,0,0.0274824854964656,0.0292103118918493,0.0295656197994541,0,0
"211",0,0,0,0,0,0,0
"212",0.0217906816820204,0.0211382952145038,0.02243935544326,0.0238501197875275,0.0241402274792634,0,0.0257684036015037
"213",0.0201742510889601,0.0195702585845135,0.0207748062953107,0.022080920281276,0.0223495078133837,0.029787773436725,0.0238569059933235
"214",0.0217906816820204,0.0211382952145038,0.02243935544326,0.0238501197875275,0.0241402274792634,0,0.0257684036015037
"215",0.0217906816820204,0.0211382952145038,0.02243935544326,0,0.0241402274792634,0.0321744726043893,0.0257684036015037
"216",0.0217906816820204,0.0211382952145038,0.02243935544326,0.0238501197875275,0.0241402274792634,0,0.0257684036015037
"218",0.0201742510889601,0.0195702585845135,0.0207748062953107,0.022080920281276,0.0223495078133837,0.029787773436725,0.0238569059933235
"219",0,0.0298940637777976,0.0317340407987688,0,0,0,0.0364420258539502
"220",0,0.0366126012969106,0,0.0413096192386014,0,0,0
"221",0,0.0517780373078498,0,0,0,0,0
"222",0.0238704958013144,0.0231558422323745,0.0245810823042997,0,0.0264442942673973,0,0.0282278718468818
"223",0.0217906816820204,0.0211382952145038,0.02243935544326,0.0238501197875275,0.0241402274792634,0,0.0257684036015037
"224",0,0,0,0.0584206237836986,0,0,0
"225",0.0533760512683624,0,0,0,0,0,0
"226",0,0,0,0.0584206237836986,0,0,0
"227",0,0,0,0,0,0,0
"228",0,0,0,0,0,0,0
"229",0.0308166775680683,0,0.0317340407987688,0,0,0.045501575519329,0
"230",0.0217906816820204,0.0211382952145038,0.02243935544326,0.0238501197875275,0.0241402274792634,0,0.0257684036015037
"231",0,0,0,0.0584206237836986,0,0,0
"232",0.0266880256341812,0.0258890186539249,0.0274824854964656,0,0.0295656197994541,0,0
"233",0,0.0517780373078498,0,0,0,0,0
"234",0,0.0298940637777976,0.0317340407987688,0,0,0,0.0364420258539502
"235",0.0217906816820204,0.0211382952145038,0,0.0238501197875275,0.0241402274792634,0.0321744726043893,0.0257684036015037
"236",0.0266880256341812,0,0.0274824854964656,0.0292103118918493,0,0,0.0315597201548902
"237",0,0,0,0,0.0591312395989083,0,0
"238",0.0238704958013144,0.0231558422323745,0.0245810823042997,0.0261264972136582,0.0264442942673973,0,0
"239",0.0217906816820204,0.0211382952145038,0.02243935544326,0,0.0241402274792634,0.0321744726043893,0.0257684036015037
"240",0.0238704958013144,0.0231558422323745,0.0245810823042997,0.0261264972136582,0.0264442942673973,0,0
"241",0.0308166775680683,0.0298940637777976,0.0317340407987688,0,0,0,0
"242",0.0217906816820204,0.0211382952145038,0.02243935544326,0.0238501197875275,0.0241402274792634,0.0321744726043893,0
"243",0.0201742510889601,0.0195702585845135,0.0207748062953107,0.022080920281276,0.0223495078133837,0.029787773436725,0.0238569059933235
"244",0,0.0211382952145038,0.02243935544326,0.0238501197875275,0.0241402274792634,0.0321744726043893,0.0257684036015037
"245",0.0201742510889601,0.0195702585845135,0.0207748062953107,0.022080920281276,0.0223495078133837,0.029787773436725,0.0238569059933235
"246",0.0201742510889601,0.0195702585845135,0.0207748062953107,0.022080920281276,0.0223495078133837,0.029787773436725,0.0238569059933235
"247",0,0.0231558422323745,0.0245810823042997,0.0261264972136582,0.0264442942673973,0,0.0282278718468818
"248",0.0217906816820204,0.0211382952145038,0.02243935544326,0.0238501197875275,0.0241402274792634,0,0.0257684036015037
"249",0,0.0258890186539249,0.0274824854964656,0.0292103118918493,0.0295656197994541,0,0
"250",0.0217906816820204,0.0211382952145038,0.02243935544326,0.0238501197875275,0.0241402274792634,0,0.0257684036015037
"251",0,0,0,0,0,0,0
"252",0.0201742510889601,0.0195702585845135,0.0207748062953107,0.022080920281276,0.0223495078133837,0.029787773436725,0.0238569059933235
"253",0.0308166775680683,0.0298940637777976,0.0317340407987688,0,0,0,0
"254",0.0217906816820204,0.0211382952145038,0.02243935544326,0.0238501197875275,0,0.0321744726043893,0.0257684036015037
"255",0.0217906816820204,0.0211382952145038,0.02243935544326,0.0238501197875275,0.0241402274792634,0,0.0257684036015037
"256",0.0266880256341812,0.0258890186539249,0,0.0292103118918493,0,0,0.0315597201548902
"257",0.0201742510889601,0.0195702585845135,0.0207748062953107,0.022080920281276,0.0223495078133837,0.029787773436725,0.0238569059933235
"258",0,0,0,0,0,0,0
"259",0,0,0,0,0,0,0
"260",0.0217906816820204,0.0211382952145038,0.02243935544326,0.0238501197875275,0.0241402274792634,0.0321744726043893,0
"261",0,0,0.0549649709929313,0,0,0,0
"262",0.0217906816820204,0.0211382952145038,0.02243935544326,0.0238501197875275,0.0241402274792634,0,0.0257684036015037
"263",0,0,0,0,0,0,0
"264",0.0217906816820204,0.0211382952145038,0.02243935544326,0.0238501197875275,0.0241402274792634,0,0.0257684036015037
"265",0.0217906816820204,0.0211382952145038,0.02243935544326,0.0238501197875275,0.0241402274792634,0,0.0257684036015037
"266",0.0238704958013144,0.0231558422323745,0.0245810823042997,0,0.0264442942673973,0,0.0282278718468818
"267",0,0,0,0.0584206237836986,0,0,0
"268",0,0.0517780373078498,0,0,0,0,0
"269",0.0201742510889601,0.0195702585845135,0.0207748062953107,0.022080920281276,0.0223495078133837,0.029787773436725,0.0238569059933235
"270",0.0266880256341812,0.0258890186539249,0.0274824854964656,0,0.0295656197994541,0,0
"271",0.0201742510889601,0.0195702585845135,0.0207748062953107,0.022080920281276,0.0223495078133837,0.029787773436725,0.0238569059933235
"272",0.0201742510889601,0.0195702585845135,0.0207748062953107,0.022080920281276,0.0223495078133837,0.029787773436725,0.0238569059933235
"273",0.0201742510889601,0.0195702585845135,0.0207748062953107,0.022080920281276,0.0223495078133837,0.029787773436725,0.0238569059933235
"274",0,0,0,0,0,0,0.0631194403097803
"275",0.0266880256341812,0.0258890186539249,0.0274824854964656,0,0,0,0.0315597201548902
"276",0.0201742510889601,0.0195702585845135,0.0207748062953107,0.022080920281276,0.0223495078133837,0.029787773436725,0.0238569059933235
"277",0,0,0,0,0,0,0.0631194403097803
"278",0.0533760512683624,0,0,0,0,0,0
"279",0,0,0,0,0,0,0
"280",0,0.0298940637777976,0,0,0.0341394370999459,0,0.0364420258539502
"281",0.0533760512683624,0,0,0,0,0,0
"282",0.0201742510889601,0.0195702585845135,0.0207748062953107,0.022080920281276,0.0223495078133837,0.029787773436725,0.0238569059933235
"283",0,0,0,0,0,0,0
"284",0.0201742510889601,0.0195702585845135,0.0207748062953107,0.022080920281276,0.0223495078133837,0.029787773436725,0.0238569059933235
"285",0,0,0.0549649709929313,0,0,0,0
"286",0,0,0,0,0,0,0
"287",0.0201742510889601,0.0195702585845135,0.0207748062953107,0.022080920281276,0.0223495078133837,0.029787773436725,0.0238569059933235
"288",0.0238704958013144,0.0231558422323745,0,0.0261264972136582,0.0264442942673973,0,0.0282278718468818
"289",0.0238704958013144,0.0231558422323745,0.0245810823042997,0.0261264972136582,0,0,0.0282278718468818
"290",0.0238704958013144,0.0231558422323745,0.0245810823042997,0,0.0264442942673973,0,0.0282278718468818
"291",0.0201742510889601,0.0195702585845135,0.0207748062953107,0.022080920281276,0.0223495078133837,0.029787773436725,0.0238569059933235
"292",0.0238704958013144,0.0231558422323745,0.0245810823042997,0,0.0264442942673973,0.0352453688425121,0
"293",0.0217906816820204,0.0211382952145038,0.02243935544326,0.0238501197875275,0.0241402274792634,0,0.0257684036015037
"294",0.0217906816820204,0.0211382952145038,0.02243935544326,0.0238501197875275,0.0241402274792634,0,0.0257684036015037
"295",0.0217906816820204,0.0211382952145038,0.02243935544326,0.0238501197875275,0,0.0321744726043893,0.0257684036015037
"296",0.0217906816820204,0.0211382952145038,0.02243935544326,0.0238501197875275,0.0241402274792634,0,0.0257684036015037
"297",0.0377425678048199,0.0366126012969106,0,0,0,0,0
"298",0,0,0,0,0,0,0
"299",0,0.0366126012969106,0,0,0,0,0.0446321842677452
"300",0.0266880256341812,0.0258890186539249,0,0.0292103118918493,0.0295656197994541,0,0
"301",0,0,0,0,0,0,0
"302",0.0217906816820204,0.0211382952145038,0.02243935544326,0.0238501197875275,0,0.0321744726043893,0.0257684036015037
"303",0,0,0,0.0292103118918493,0.0295656197994541,0.039405520311955,0.0315597201548902
"304",0.0308166775680683,0.0298940637777976,0.0317340407987688,0,0,0,0
"305",0,0,0.0549649709929313,0,0,0,0
"306",0,0,0.0549649709929313,0,0,0,0
"307",0,0,0,0,0,0,0
"308",0.0217906816820204,0.0211382952145038,0.02243935544326,0.0238501197875275,0.0241402274792634,0,0.0257684036015037
"309",0,0,0,0,0,0,0
"310",0.0238704958013144,0.0231558422323745,0.0245810823042997,0,0.0264442942673973,0.0352453688425121,0
"311",0,0,0,0,0,0,0
"312",0,0.0298940637777976,0.0317340407987688,0,0.0341394370999459,0,0
"313",0,0,0,0,0.0591312395989083,0,0
"314",0.0201742510889601,0.0195702585845135,0.0207748062953107,0.022080920281276,0.0223495078133837,0.029787773436725,0.0238569059933235
"315",0.0238704958013144,0.0231558422323745,0.0245810823042997,0.0261264972136582,0.0264442942673973,0,0
"316",0,0,0,0.0584206237836986,0,0,0
"317",0,0,0,0.0584206237836986,0,0,0
"318",0,0,0.0549649709929313,0,0,0,0
"319",0,0,0,0,0,0,0
"320",0.0533760512683624,0,0,0,0,0,0
"321",0.0266880256341812,0.0258890186539249,0.0274824854964656,0,0.0295656197994541,0,0
"322",0,0,0,0,0,0,0
"323",0.0377425678048199,0,0,0.0413096192386014,0,0,0
"324",0.0217906816820204,0.0211382952145038,0,0.0238501197875275,0.0241402274792634,0.0321744726043893,0.0257684036015037
"325",0.0533760512683624,0,0,0,0,0,0
"326",0,0.0298940637777976,0.0317340407987688,0.0337291628677442,0,0,0
"327",0,0,0,0,0.0591312395989083,0,0
"328",0,0.0517780373078498,0,0,0,0,0
"329",0,0.0258890186539249,0.0274824854964656,0,0.0295656197994541,0,0.0315597201548902
"330",0.0201742510889601,0.0195702585845135,0.0207748062953107,0.022080920281276,0.0223495078133837,0.029787773436725,0.0238569059933235
"331",0.0266880256341812,0.0258890186539249,0.0274824854964656,0,0.0295656197994541,0,0
"332",0,0.0366126012969106,0.0388661037168236,0,0,0,0
"333",0,0,0,0.0413096192386014,0,0.0557278212575353,0
"334",0.0308166775680683,0.0298940637777976,0.0317340407987688,0,0,0,0
"335",0,0,0.0388661037168236,0,0.0418121005003545,0,0
"336",0,0,0,0,0,0,0
"337",0,0,0.0549649709929313,0,0,0,0
"338",0,0.0258890186539249,0.0274824854964656,0.0292103118918493,0.0295656197994541,0,0
"339",0.0238704958013144,0.0231558422323745,0,0.0261264972136582,0,0.0352453688425121,0.0282278718468818
"340",0.0238704958013144,0.0231558422323745,0.0245810823042997,0.0261264972136582,0.0264442942673973,0,0
"341",0,0,0,0,0,0,0
"342",0,0.0517780373078498,0,0,0,0,0
"343",0.0266880256341812,0.0258890186539249,0.0274824854964656,0,0,0,0.0315597201548902
"344",0,0,0,0,0.0591312395989083,0,0
"345",0,0,0,0,0,0,0
"346",0,0,0,0,0,0,0
"347",0,0,0,0,0,0,0
"348",0.0217906816820204,0.0211382952145038,0.02243935544326,0.0238501197875275,0.0241402274792634,0,0.0257684036015037
"349",0.0238704958013144,0.0231558422323745,0.0245810823042997,0.0261264972136582,0,0,0.0282278718468818
"350",0,0,0,0.0584206237836986,0,0,0
"351",0,0,0.0549649709929313,0,0,0,0
"352",0.0238704958013144,0.0231558422323745,0.0245810823042997,0.0261264972136582,0.0264442942673973,0,0
"353",0,0,0,0,0,0,0
"354",0.0308166775680683,0,0.0317340407987688,0.0337291628677442,0,0,0
"355",0.0238704958013144,0.0231558422323745,0.0245810823042997,0,0.0264442942673973,0,0.0282278718468818
"356",0,0,0,0,0,0,0
"357",0.0266880256341812,0,0.0274824854964656,0,0.0295656197994541,0.039405520311955,0
"358",0.0201742510889601,0.0195702585845135,0.0207748062953107,0.022080920281276,0.0223495078133837,0.029787773436725,0.0238569059933235
"359",0.0201742510889601,0.0195702585845135,0.0207748062953107,0.022080920281276,0.0223495078133837,0.029787773436725,0.0238569059933235
"360",0,0,0,0,0,0,0
"361",0.0238704958013144,0.0231558422323745,0.0245810823042997,0,0.0264442942673973,0.0352453688425121,0
"362",0,0,0,0,0,0,0
"363",0.0238704958013144,0.0231558422323745,0.0245810823042997,0,0.0264442942673973,0,0.0282278718468818
"364",0,0,0.0317340407987688,0.0337291628677442,0.0341394370999459,0,0
"365",0,0,0,0,0.0591312395989083,0,0
"366",0.0238704958013144,0.0231558422323745,0.0245810823042997,0,0.0264442942673973,0,0.0282278718468818
"367",0,0,0,0,0,0,0
"368",0,0,0,0,0,0,0
"369",0.0238704958013144,0.0231558422323745,0,0.0261264972136582,0.0264442942673973,0,0.0282278718468818
"370",0.0217906816820204,0.0211382952145038,0.02243935544326,0.0238501197875275,0,0.0321744726043893,0.0257684036015037
"371",0,0.0517780373078498,0,0,0,0,0
"372",0,0,0.0549649709929313,0,0,0,0
"373",0,0,0,0,0,0,0
"374",0.0238704958013144,0.0231558422323745,0.0245810823042997,0.0261264972136582,0,0,0.0282278718468818
"375",0,0.0298940637777976,0.0317340407987688,0,0.0341394370999459,0,0
"376",0,0.0366126012969106,0,0.0413096192386014,0,0,0
"377",0.0217906816820204,0.0211382952145038,0.02243935544326,0.0238501197875275,0.0241402274792634,0,0.0257684036015037
"378",0.0201742510889601,0.0195702585845135,0.0207748062953107,0.022080920281276,0.0223495078133837,0.029787773436725,0.0238569059933235
"379",0,0.0517780373078498,0,0,0,0,0
"380",0,0,0,0,0,0,0
"381",0,0.0366126012969106,0,0.0413096192386014,0,0,0
"382",0,0.0258890186539249,0.0274824854964656,0.0292103118918493,0.0295656197994541,0,0
"383",0,0,0,0.0584206237836986,0,0,0
"384",0.0377425678048199,0,0,0.0413096192386014,0,0,0
"385",0.0266880256341812,0.0258890186539249,0,0.0292103118918493,0,0.039405520311955,0
"386",0,0,0,0,0,0,0
"387",0,0.0517780373078498,0,0,0,0,0
"388",0,0,0,0,0,0,0
"389",0.0238704958013144,0,0.0245810823042997,0.0261264972136582,0.0264442942673973,0,0.0282278718468818
"390",0.0308166775680683,0,0.0317340407987688,0,0,0,0.0364420258539502
"391",0.0377425678048199,0,0,0.0413096192386014,0,0,0
"392",0,0,0,0,0,0,0.0631194403097803
"393",0.0308166775680683,0.0298940637777976,0,0,0,0.045501575519329,0
"394",0,0,0,0,0.0591312395989083,0,0
"395",0.0308166775680683,0.0298940637777976,0,0.0337291628677442,0,0,0
"396",0,0,0,0.0584206237836986,0,0,0
"397",0,0.0258890186539249,0.0274824854964656,0,0.0295656197994541,0.039405520311955,0
"398",0.0308166775680683,0.0298940637777976,0.0317340407987688,0,0,0,0
"399",0.0377425678048199,0.0366126012969106,0,0,0,0,0
"400",0.0308166775680683,0,0.0317340407987688,0.0337291628677442,0,0,0
"401",0.0266880256341812,0.0258890186539249,0.0274824854964656,0.0292103118918493,0,0,0
"402",0.0308166775680683,0.0298940637777976,0,0.0337291628677442,0,0,0
"403",0.0238704958013144,0,0.0245810823042997,0.0261264972136582,0.0264442942673973,0,0.0282278718468818
"404",0.0533760512683624,0,0,0,0,0,0
"405",0,0.0298940637777976,0.0317340407987688,0.0337291628677442,0,0,0
"406",0.0308166775680683,0.0298940637777976,0,0,0,0,0.0364420258539502
"407",0,0.0517780373078498,0,0,0,0,0
"408",0.0266880256341812,0.0258890186539249,0.0274824854964656,0,0,0,0.0315597201548902
"409",0.0238704958013144,0.0231558422323745,0.0245810823042997,0.0261264972136582,0.0264442942673973,0,0
"410",0,0,0,0,0,0,0
"411",0.0533760512683624,0,0,0,0,0,0
"412",0,0,0,0,0,0,0
"413",0,0,0,0,0,0,0
"414",0.0238704958013144,0.0231558422323745,0.0245810823042997,0.0261264972136582,0.0264442942673973,0,0
"415",0.0308166775680683,0.0298940637777976,0,0.0337291628677442,0,0,0
"416",0,0,0,0,0,0,0
"417",0,0,0,0,0.0591312395989083,0,0
"418",0,0,0,0.0584206237836986,0,0,0
"419",0,0,0.0388661037168236,0,0,0,0.0446321842677452
"420",0.0266880256341812,0.0258890186539249,0,0.0292103118918493,0.0295656197994541,0,0
"421",0.0533760512683624,0,0,0,0,0,0
"422",0.0308166775680683,0,0,0.0337291628677442,0.0341394370999459,0,0
"423",0,0,0,0.0584206237836986,0,0,0
"424",0,0.0366126012969106,0,0.0413096192386014,0,0,0
"425",0,0.0517780373078498,0,0,0,0,0
"426",0,0.0517780373078498,0,0,0,0,0
"427",0.0377425678048199,0,0,0,0.0418121005003545,0,0
"428",0.0238704958013144,0.0231558422323745,0.0245810823042997,0,0,0.0352453688425121,0.0282278718468818
"429",0.0308166775680683,0.0298940637777976,0.0317340407987688,0,0,0,0
"430",0.0533760512683624,0,0,0,0,0,0
"431",0,0,0,0,0,0,0
"432",0.0377425678048199,0.0366126012969106,0,0,0,0,0
"433",0,0.0366126012969106,0,0.0413096192386014,0,0,0
"434",0,0,0,0.0584206237836986,0,0,0
"435",0.0217906816820204,0.0211382952145038,0.02243935544326,0.0238501197875275,0.0241402274792634,0.0321744726043893,0
"436",0.0533760512683624,0,0,0,0,0,0
"437",0,0,0,0,0,0,0
"438",0,0,0,0,0,0,0
"439",0,0,0,0.0413096192386014,0.0418121005003545,0,0
"440",0,0.0366126012969106,0,0,0,0,0.0446321842677452
"441",0,0,0,0.0413096192386014,0.0418121005003545,0,0
"442",0,0.0517780373078498,0,0,0,0,0
"443",0,0,0.0549649709929313,0,0,0,0
"444",0,0.0517780373078498,0,0,0,0,0
"445",0.0377425678048199,0,0,0,0.0418121005003545,0,0
"446",0,0.0517780373078498,0,0,0,0,0
"447",0,0.0258890186539249,0.0274824854964656,0.0292103118918493,0.0295656197994541,0,0
"448",0.0308166775680683,0.0298940637777976,0.0317340407987688,0,0,0,0
"449",0,0,0,0,0,0,0
"450",0.0377425678048199,0.0366126012969106,0,0,0,0,0
"451",0,0.0517780373078498,0,0,0,0,0
"452",0.0266880256341812,0.0258890186539249,0.0274824854964656,0,0.0295656197994541,0,0
"453",0.0533760512683624,0,0,0,0,0,0
"454",0.0308166775680683,0,0.0317340407987688,0,0.0341394370999459,0,0
"455",0,0,0.0549649709929313,0,0,0,0
"456",0,0,0,0,0,0,0
"457",0,0,0.0549649709929313,0,0,0,0
"458",0.0238704958013144,0.0231558422323745,0,0.0261264972136582,0,0.0352453688425121,0.0282278718468818
"459",0.0238704958013144,0.0231558422323745,0.0245810823042997,0.0261264972136582,0,0,0.0282278718468818
"460",0,0,0,0,0,0,0
"461",0,0,0,0,0,0,0
"462",0,0.0517780373078498,0,0,0,0,0
"463",0.0533760512683624,0,0,0,0,0,0
"464",0.0266880256341812,0.0258890186539249,0.0274824854964656,0,0.0295656197994541,0,0
"465",0,0,0,0,0,0,0
"466",0,0,0,0,0,0,0
"467",0,0,0,0.0413096192386014,0,0.0557278212575353,0
"468",0,0,0,0,0,0,0
"469",0,0,0,0,0,0,0
"470",0,0,0,0,0,0,0
"471",0,0.0517780373078498,0,0,0,0,0
"472",0,0,0,0,0,0.0788110406239101,0
"473",0.0377425678048199,0,0,0,0.0418121005003545,0,0
"474",0,0,0,0,0,0,0
"475",0,0,0,0,0,0,0
"476",0.0201742510889601,0.0195702585845135,0.0207748062953107,0.022080920281276,0.0223495078133837,0.029787773436725,0.0238569059933235
"477",0,0,0,0,0,0.0788110406239101,0
"478",0,0,0,0,0,0,0
"480",0,0,0,0,0,0.0788110406239101,0
"481",0,0,0,0,0,0.0788110406239101,0
"482",0,0,0,0,0,0,0
"483",0,0,0,0,0,0,0
"484",0,0,0.0549649709929313,0,0,0,0
"485",0.0377425678048199,0.0366126012969106,0,0,0,0,0
"486",0.0377425678048199,0.0366126012969106,0,0,0,0,0
"487",0,0,0,0,0.0591312395989083,0,0
"488",0.0201742510889601,0.0195702585845135,0.0207748062953107,0.022080920281276,0.0223495078133837,0.029787773436725,0.0238569059933235
"489",0,0,0.0549649709929313,0,0,0,0
"490",0,0,0,0,0,0,0
"491",0.0533760512683624,0,0,0,0,0,0
"492",0.0308166775680683,0.0298940637777976,0,0,0.0341394370999459,0,0
"493",0,0.0298940637777976,0.0317340407987688,0.0337291628677442,0,0,0
"494",0.0533760512683624,0,0,0,0,0,0
"495",0.0266880256341812,0.0258890186539249,0.0274824854964656,0.0292103118918493,0,0,0
"496",0.0238704958013144,0.0231558422323745,0.0245810823042997,0.0261264972136582,0,0,0.0282278718468818
"497",0,0,0,0,0,0.0788110406239101,0
"498",0,0,0,0.0413096192386014,0.0418121005003545,0,0
"499",0.0377425678048199,0.0366126012969106,0,0,0,0,0
"500",0.0533760512683624,0,0,0,0,0,0
"501",0,0,0,0,0,0,0
"502",0.0217906816820204,0.0211382952145038,0.02243935544326,0.0238501197875275,0.0241402274792634,0,0.0257684036015037
"503",0,0,0.0549649709929313,0,0,0,0
"504",0,0.0517780373078498,0,0,0,0,0
"505",0,0,0,0,0,0,0
"506",0,0.0366126012969106,0,0.0413096192386014,0,0,0
"507",0.0533760512683624,0,0,0,0,0,0
"508",0,0,0,0,0,0,0
"509",0,0,0,0.0584206237836986,0,0,0
"510",0,0.0366126012969106,0.0388661037168236,0,0,0,0
"511",0,0,0,0,0,0,0
"512",0,0,0,0,0,0,0
"513",0,0,0.0274824854964656,0.0292103118918493,0.0295656197994541,0,0.0315597201548902
"514",0,0,0,0,0,0,0
"515",0,0,0,0,0,0,0
"516",0,0,0,0,0,0,0
"517",0,0,0,0,0,0,0
"518",0,0,0.0317340407987688,0.0337291628677442,0.0341394370999459,0,0
"519",0,0,0,0,0,0,0
"520",0,0,0,0,0,0,0
"521",0,0,0,0,0,0,0
"522",0,0,0,0,0,0,0
"523",0,0,0,0,0,0,0
"524",0,0,0,0,0,0,0
"525",0,0,0,0,0,0,0
"526",0,0.0517780373078498,0,0,0,0,0
"527",0,0,0,0.0584206237836986,0,0,0
"528",0,0.0298940637777976,0,0.0337291628677442,0.0341394370999459,0,0
"529",0,0,0.0549649709929313,0,0,0,0
"530",0.0377425678048199,0,0,0.0413096192386014,0,0,0
"531",0,0.0366126012969106,0,0.0413096192386014,0,0,0
"532",0,0,0,0.0584206237836986,0,0,0
"533",0,0,0,0,0,0,0
"534",0,0,0,0,0,0,0
"535",0.0533760512683624,0,0,0,0,0,0
"536",0.0533760512683624,0,0,0,0,0,0
"537",0,0,0,0,0,0,0
"538",0.0533760512683624,0,0,0,0,0,0
"539",0,0,0,0,0,0,0
"540",0.0377425678048199,0.0366126012969106,0,0,0,0,0
"541",0.0266880256341812,0,0.0274824854964656,0,0.0295656197994541,0.039405520311955,0
"543",0,0,0,0,0,0,0
"544",0,0,0,0,0,0,0
"545",0,0,0,0,0,0,0.0631194403097803
"546",0,0,0,0,0,0,0
"547",0.0377425678048199,0,0.0388661037168236,0,0,0,0
"548",0,0,0,0,0,0,0
"549",0.0377425678048199,0,0.0388661037168236,0,0,0,0
"550",0,0,0,0,0,0,0
"551",0,0.0517780373078498,0,0,0,0,0
"552",0,0,0,0,0,0,0
"553",0,0,0,0,0,0,0
"554",0,0,0.0549649709929313,0,0,0,0
"555",0,0,0,0,0,0,0
"556",0,0,0,0,0,0,0
"557",0,0,0.0388661037168236,0.0413096192386014,0,0,0
"558",0,0,0.0549649709929313,0,0,0,0
"559",0,0,0,0,0,0,0
"560",0,0,0,0,0,0,0
"561",0.0377425678048199,0.0366126012969106,0,0,0,0,0
"562",0,0,0,0,0,0,0
"563",0,0.0366126012969106,0,0,0.0418121005003545,0,0
"564",0,0.0517780373078498,0,0,0,0,0
"565",0.0377425678048199,0.0366126012969106,0,0,0,0,0
"566",0,0,0,0,0.0591312395989083,0,0
"567",0.0377425678048199,0,0,0,0,0,0.0446321842677452
"568",0,0,0,0,0,0,0
"569",0,0,0,0.0584206237836986,0,0,0
"570",0,0,0,0,0,0,0
"571",0,0,0,0,0,0,0
"573",0,0.0517780373078498,0,0,0,0,0
"574",0,0,0,0,0,0,0
"575",0.0533760512683624,0,0,0,0,0,0
"576",0,0.0517780373078498,0,0,0,0,0
"577",0.0308166775680683,0,0,0.0337291628677442,0,0,0.0364420258539502
"578",0,0,0,0,0,0,0
"579",0,0,0,0,0,0,0
"580",0,0,0.0549649709929313,0,0,0,0
"581",0,0.0517780373078498,0,0,0,0,0
"582",0,0,0,0,0,0,0
"583",0,0.0231558422323745,0.0245810823042997,0,0.0264442942673973,0.0352453688425121,0.0282278718468818
"584",0,0,0,0,0,0,0
"585",0,0,0,0,0,0,0
"586",0,0.0517780373078498,0,0,0,0,0
"587",0,0,0,0,0,0,0
"588",0,0,0,0,0,0,0
"589",0,0,0,0,0,0,0
"590",0,0,0,0,0,0,0
"591",0.0533760512683624,0,0,0,0,0,0
"592",0.0533760512683624,0,0,0,0,0,0
"593",0,0,0,0,0,0,0
"594",0,0.0366126012969106,0,0,0,0,0.0446321842677452
"595",0,0,0,0,0,0,0
"596",0,0,0,0,0,0,0
"597",0.0533760512683624,0,0,0,0,0,0
"598",0,0,0,0,0,0,0
"599",0,0,0,0,0,0,0
"600",0.0533760512683624,0,0,0,0,0,0
"601",0,0,0,0,0,0,0
"603",0,0,0,0,0,0,0
"604",0,0.0517780373078498,0,0,0,0,0
"605",0,0,0,0,0,0,0
"606",0,0,0.0388661037168236,0,0.0418121005003545,0,0
"607",0,0,0,0,0,0,0.0631194403097803
"608",0,0,0,0,0,0,0
"609",0,0,0,0,0,0,0
"610",0,0.0517780373078498,0,0,0,0,0
"611",0,0,0,0,0,0,0
"612",0,0,0.0549649709929313,0,0,0,0
"613",0,0,0.0549649709929313,0,0,0,0
"614",0,0,0,0,0,0,0
"615",0,0,0,0.0584206237836986,0,0,0
"616",0,0,0,0,0,0,0
"617",0,0,0,0,0,0.0788110406239101,0
"618",0,0,0.0388661037168236,0,0.0418121005003545,0,0
"619",0,0,0,0.0584206237836986,0,0,0
"620",0,0,0,0,0,0,0
"621",0,0,0,0,0,0,0
"622",0,0,0,0,0,0,0
"623",0,0,0,0,0,0,0
"624",0,0,0,0,0,0,0.0631194403097803
"625",0,0,0,0,0,0,0
"626",0,0,0,0,0,0,0
"627",0,0,0,0,0,0,0
"628",0,0,0,0,0,0,0
"629",0,0,0,0,0,0,0
"630",0.0533760512683624,0,0,0,0,0,0
"631",0,0,0,0,0,0,0
"632",0,0,0,0,0,0,0
"633",0.0308166775680683,0.0298940637777976,0.0317340407987688,0,0,0,0
"634",0.0533760512683624,0,0,0,0,0,0
"635",0,0,0,0.0584206237836986,0,0,0
"636",0,0,0,0,0,0,0
"637",0.0533760512683624,0,0,0,0,0,0
"638",0,0,0,0,0,0,0
"639",0,0,0,0,0,0,0
"640",0,0,0,0,0,0,0
"641",0,0,0,0.0584206237836986,0,0,0
"642",0,0,0.0549649709929313,0,0,0,0
"644",0.0377425678048199,0,0.0388661037168236,0,0,0,0
"645",0.0308166775680683,0,0,0.0337291628677442,0.0341394370999459,0,0
"646",0,0,0,0,0,0,0
"647",0,0,0,0,0,0,0
"648",0,0,0,0,0,0,0
"649",0,0,0,0,0,0,0
"650",0,0.0366126012969106,0,0,0,0,0.0446321842677452
"651",0,0,0,0,0,0,0
"652",0,0,0,0.0584206237836986,0,0,0
"653",0,0,0,0,0,0,0
"654",0,0,0,0,0,0,0
"656",0,0.0517780373078498,0,0,0,0,0
"658",0,0,0,0,0,0,0
"659",0,0,0,0,0,0,0
"660",0,0.0366126012969106,0,0,0.0418121005003545,0,0
"661",0,0.0517780373078498,0,0,0,0,0
"662",0,0,0,0,0,0,0
"663",0,0.0517780373078498,0,0,0,0,0
"665",0,0.0517780373078498,0,0,0,0,0
"666",0,0,0,0,0,0,0
"667",0,0,0.0549649709929313,0,0,0,0
"668",0,0,0.0549649709929313,0,0,0,0
"669",0,0,0,0,0,0,0
"670",0,0,0,0,0,0,0
"671",0,0,0,0,0,0,0
"672",0,0,0.0549649709929313,0,0,0,0
"673",0,0,0,0,0.0591312395989083,0,0
"674",0,0,0,0,0,0,0
"675",0,0,0,0,0,0,0
"676",0,0,0,0,0,0,0
"677",0,0,0,0,0,0,0
"678",0,0,0,0,0,0,0
"679",0,0,0,0,0,0,0
"680",0,0,0,0,0,0,0
"681",0,0,0,0,0,0,0
"682",0,0,0,0,0,0,0
"683",0,0,0.0549649709929313,0,0,0,0
"684",0,0,0,0,0,0,0
"685",0,0,0,0,0,0.0788110406239101,0
"686",0,0,0,0,0,0,0
"687",0,0.0517780373078498,0,0,0,0,0
"688",0,0,0,0,0,0,0
"689",0.0533760512683624,0,0,0,0,0,0
"690",0,0.0298940637777976,0.0317340407987688,0,0,0,0.0364420258539502
"691",0,0,0,0,0,0,0
"692",0,0,0,0,0,0,0
"693",0,0.0517780373078498,0,0,0,0,0
"694",0,0,0,0,0,0,0
"695",0,0,0,0,0,0.0788110406239101,0
"696",0,0,0.0549649709929313,0,0,0,0
"697",0.0533760512683624,0,0,0,0,0,0
"698",0,0.0517780373078498,0,0,0,0,0
"699",0,0,0,0,0,0,0
"700",0,0,0.0549649709929313,0,0,0,0
"701",0,0,0,0,0,0,0
"702",0,0,0.0549649709929313,0,0,0,0
"703",0,0,0,0,0,0,0
"704",0,0,0,0,0,0,0
"705",0,0,0,0,0,0,0
"706",0,0,0,0,0,0,0
"707",0,0,0,0,0,0,0
"708",0,0,0,0,0.0591312395989083,0,0
"709",0,0,0,0.0584206237836986,0,0,0
"710",0,0,0,0,0,0,0
"711",0,0,0,0,0,0,0
"712",0,0,0,0,0,0,0
"713",0,0,0,0,0,0,0
"714",0,0,0,0.0584206237836986,0,0,0
"715",0,0,0,0,0,0,0
"716",0,0,0,0,0,0,0
"717",0,0,0,0,0,0,0
"718",0.0533760512683624,0,0,0,0,0,0
"719",0,0,0,0,0,0,0.0631194403097803
"720",0,0,0,0,0.0591312395989083,0,0
"721",0,0,0,0,0,0,0.0631194403097803
"722",0,0,0,0,0,0,0
"723",0,0,0,0,0,0,0
"724",0,0,0,0,0,0,0
"725",0.0533760512683624,0,0,0,0,0,0
"726",0,0,0,0.0584206237836986,0,0,0
"727",0,0,0,0,0,0,0
"729",0,0,0,0,0,0,0
"730",0.0533760512683624,0,0,0,0,0,0
"731",0,0,0,0,0,0,0
"732",0,0,0.0549649709929313,0,0,0,0
"733",0,0,0.0549649709929313,0,0,0,0
"734",0,0,0,0,0,0,0
"735",0,0,0,0,0,0,0
"736",0,0,0,0,0.0591312395989083,0,0
"737",0,0.0517780373078498,0,0,0,0,0
"738",0,0,0,0,0,0,0
"739",0,0,0,0,0,0,0
"740",0,0.0517780373078498,0,0,0,0,0
"741",0,0,0,0,0,0,0
"742",0,0,0,0,0,0,0
"743",0.0533760512683624,0,0,0,0,0,0
"744",0,0,0,0,0,0,0
"745",0,0,0,0,0,0,0
"748",0,0,0,0,0,0.0788110406239101,0
"749",0,0,0,0,0,0,0
"750",0,0,0,0,0,0,0
"751",0,0,0,0,0,0,0
"752",0,0,0,0,0,0,0
"753",0,0.0366126012969106,0,0.0413096192386014,0,0,0
"754",0,0,0,0,0,0,0
"755",0,0.0517780373078498,0,0,0,0,0
"756",0,0,0.0549649709929313,0,0,0,0
